{"cameraMode":{"drawMode":0,"name":"Shaded","section":"Shading Mode"},"sceneLighting":true,"audioPlay":false,"sceneViewState":{"m_AlwaysRefresh":false,"showFog":true,"showSkybox":true,"showFlares":true,"showImageEffects":true,"showParticleSystems":true,"showVisualEffectGraphs":true,"m_FxEnabled":true},"in2DMode":false,"pivot":{"x":1.286444902420044,"y":5.655489444732666,"z":-12.637176513671875},"rotation":{"x":0.0005280722980387509,"y":0.999328076839447,"z":-0.015300916507840157,"w":0.03661206364631653},"size":16.173274993896486,"orthographic":false}